{
    "0x020": {
        "targetMSB-name": "mode",
        "targetLSB-name": "",
        "targetMSB": {"simple": 1, "midi-live": 2, "ml": 2, "lightsaber": 3, "ls": 3},
        "targetLSB": {},
        "value": {"enabled": 1, "disabled": 0, "true": 1, "false": 0},
        "type": "int"
    },
    "0x021": {
        "targetMSB-name": "mode",
        "targetLSB-name": "coil",
        "targetMSB": {"simple": 1, "midi-live": 2, "ml": 2, "lightsaber": 3, "ls": 3},
        "targetLSB": {},
        "value": {},
        "type": "float"
    },
    "0x022": {
        "targetMSB-name": "mode",
        "targetLSB-name": "coil",
        "targetMSB": {"simple": 1, "midi-live": 2, "ml": 2, "lightsaber": 3, "ls": 3},
        "targetLSB": {},
        "value": {},
        "type": "float"
    },
    "0x023": {
        "targetMSB-name": "mode",
        "targetLSB-name": "coil",
        "targetMSB": {"simple": 1, "midi-live": 2, "ml": 2, "lightsaber": 3, "ls": 3},
        "targetLSB": {},
        "value": {},
        "type": "float"
    },
    "0x024": {
        "targetMSB-name": "mode",
        "targetLSB-name": "coil",
        "targetMSB": {"simple": 1, "midi-live": 2, "ml": 2, "lightsaber": 3, "ls": 3},
        "targetLSB": {},
        "value": {},
        "type": "float"
    },
    "0x040": {
        "targetMSB-name": "mode",
        "targetLSB-name": "coil",
        "targetMSB": {"simple": 1, "midi-live": 2, "ml": 2, "lightsaber": 3, "ls": 3},
        "targetLSB": {},
        "value": {},
        "type": "float"
    },
    "0x041": {
        "targetMSB-name": "mode",
        "targetLSB-name": "coil",
        "targetMSB": {"simple": 1, "midi-live": 2, "ml": 2, "lightsaber": 3, "ls": 3},
        "targetLSB": {},
        "value": {},
        "type": "float"
    },
    "0x042": {
        "targetMSB-name": "mode",
        "targetLSB-name": "coil",
        "targetMSB": {"simple": 1, "midi-live": 2, "ml": 2, "lightsaber": 3, "ls": 3},
        "targetLSB": {},
        "value": {},
        "type": "float"
    },
    "0x043": {
        "targetMSB-name": "mode",
        "targetLSB-name": "coil",
        "targetMSB": {"simple": 1, "midi-live": 2, "ml": 2, "lightsaber": 3, "ls": 3},
        "targetLSB": {},
        "value": {},
        "type": "float"
    },
    "0x060": {
        "targetMSB-name": "mode",
        "targetLSB-name": "coil",
        "targetMSB": {"simple": 1, "midi-live": 2, "ml": 2, "lightsaber": 3, "ls": 3},
        "targetLSB": {},
        "value": {"all":  65535},
        "type": "int"
    },
    "0x061": {
        "targetMSB-name": "mode",
        "targetLSB-name": "coil",
        "targetMSB": {"simple": 1, "midi-live": 2, "ml": 2, "lightsaber": 3, "ls": 3},
        "targetLSB": {},
        "value": {"all": 63},
        "type": "int"
    },
    "0x062": {
        "targetMSB-name": "mode",
        "targetLSB-name": "coil",
        "targetMSB": {"simple": 1, "midi-live": 2, "ml": 2, "lightsaber": 3, "ls": 3},
        "targetLSB": {},
        "value": {"constant": 0, "const": 0, "linear": 1, "lin": 1},
		"type": "float"
    },
    "0x063": {
        "targetMSB-name": "mode",
        "targetLSB-name": "coil",
        "targetMSB": {"simple": 1, "midi-live": 2, "ml": 2, "lightsaber": 3, "ls": 3},
        "targetLSB": {},
        "value": {},
        "type": "float"
    },
    "0x064": {
        "targetMSB-name": "mode",
        "targetLSB-name": "coil",
        "targetMSB": {"simple": 1, "midi-live": 2, "ml": 2, "lightsaber": 3, "ls": 3},
        "targetLSB": {},
        "value": {},
        "type": "float"
    },
    "0x066": {
        "targetMSB-name": "mode",
        "targetLSB-name": "coil",
        "targetMSB": {"simple": 1, "midi-live": 2, "ml": 2, "lightsaber": 3, "ls": 3},
        "targetLSB": {},
        "value": {"all":  65535},
        "type": "int"
    },
    "0x067": {
        "targetMSB-name": "mode",
        "targetLSB-name": "",
        "targetMSB": {"simple": 1, "midi-live": 2, "ml": 2, "lightsaber": 3, "ls": 3},
        "targetLSB": {},
        "value": {},
        "type": "float"
    },
    "0x068": {
        "targetMSB-name": "mode",
        "targetLSB-name": "",
        "targetMSB": {"simple": 1, "midi-live": 2, "ml": 2, "lightsaber": 3, "ls": 3},
        "targetLSB": {},
        "value": {},
        "type": "float"
    },
    "0x069": {
        "targetMSB-name": "mode",
        "targetLSB-name": "",
        "targetMSB": {"simple": 1, "midi-live": 2, "ml": 2, "lightsaber": 3, "ls": 3},
        "targetLSB": {},
        "value": {},
        "type": "float"
    },
    "0x100": {
        "targetMSB-name": "mode",
        "targetLSB-name": "coil",
        "targetMSB": {"simple": 1, "midi-live": 2, "ml": 2, "lightsaber": 3, "ls": 3},
        "targetLSB": {},
        "value": {},
        "type": "int"
    },
    "0x101": {
        "targetMSB-name": "mode",
        "targetLSB-name": "coil",
        "targetMSB": {"simple": 1, "midi-live": 2, "ml": 2, "lightsaber": 3, "ls": 3},
        "targetLSB": {},
        "value": {},
        "type": "int"
    },
    "0x200": {
        "targetMSB-name": "",
        "targetLSB-name": "",
        "targetMSB": {},
        "targetLSB": {},
        "value": {"manual": 0, "force": 1, "auto": 2},
        "type": "int"
    },
    "0x201": {
        "targetMSB-name": "",
        "targetLSB-name": "",
        "targetMSB": {},
        "targetLSB": {},
        "value": {},
        "type": "int"
    },
    "0x202": {
        "targetMSB-name": "",
        "targetLSB-name": "",
        "targetMSB": {},
        "targetLSB": {},
        "value": {"key": 41153700, "reset-key": 41153700},
        "type": "float"
    },
    "0x203": {
        "targetMSB-name": "",
        "targetLSB-name": "",
        "targetMSB": {},
        "targetLSB": {},
        "value": {},
        "type": "float"
    },
    "0x204": {
        "targetMSB-name": "",
        "targetLSB-name": "mcu",
        "targetMSB": {},
        "targetLSB": {"tiva":  0, "nextion": 1, "screen": 1, "nxt": 1, "display": 1},
        "value": {},
        "type": "int"
    },
    "0x220": {
        "targetMSB-name": "",
        "targetLSB-name": "",
        "targetMSB": {},
        "targetLSB": {},
        "value": {},
        "type": "float"
    },
    "0x221": {
        "targetMSB-name": "",
        "targetLSB-name": "",
        "targetMSB": {},
        "targetLSB": {},
        "value": {},
        "type": "float"
    },
    "0x222": {
        "targetMSB-name": "",
        "targetLSB-name": "",
        "targetMSB": {},
        "targetLSB": {},
        "value": {},
        "type": "float"
    },
    "0x223": {
        "targetMSB-name": "",
        "targetLSB-name": "",
        "targetMSB": {},
        "targetLSB": {},
        "value": {},
        "type": "float"
    },
    "0x224": {
        "targetMSB-name": "",
        "targetLSB-name": "",
        "targetMSB": {},
        "targetLSB": {},
        "value": {"light": 0, "light-colors": 0, "dark": 1, "dark-colors": 1},
        "type": "int"
    },
    "0x225": {
        "targetMSB-name": "",
        "targetLSB-name": "",
        "targetMSB": {},
        "targetLSB": {},
        "value": {"manual": 0, "manually": 0, "release": 1, "on-release": 1, "immediate": 2, "immediately": 2},
        "type": "int"
    },
    "0x226": {
        "targetMSB-name": "",
        "targetLSB-name": "",
        "targetMSB": {},
        "targetLSB": {},
        "value": {"manual": 0, "force": 1, "auto": 2},
        "type": "int"
    },
    "0x240": {
        "targetMSB-name": "char-group",
        "targetLSB-name": "user",
        "targetMSB": {},
        "targetLSB": {},
        "value": {},
        "type": "str"
    },
    "0x241": {
        "targetMSB-name": "char-group",
        "targetLSB-name": "user",
        "targetMSB": {},
        "targetLSB": {},
        "value": {},
        "type": "str"
    },
    "0x242": {
        "targetMSB-name": "",
        "targetLSB-name": "user",
        "targetMSB": {},
        "targetLSB": {},
        "value": {},
        "type": "float"
    },
    "0x243": {
        "targetMSB-name": "",
        "targetLSB-name": "user",
        "targetMSB": {},
        "targetLSB": {},
        "value": {},
        "type": "float"
    },
    "0x244": {
        "targetMSB-name": "",
        "targetLSB-name": "user",
        "targetMSB": {},
        "targetLSB": {},
        "value": {},
        "type": "float"
    },
    "0x260": {
        "targetMSB-name": "",
        "targetLSB-name": "coil",
        "targetMSB": {},
        "targetLSB": {},
        "value": {},
        "type": "float"
    },
    "0x261": {
        "targetMSB-name": "",
        "targetLSB-name": "coil",
        "targetMSB": {},
        "targetLSB": {},
        "value": {},
        "type": "float"
    },
    "0x262": {
        "targetMSB-name": "",
        "targetLSB-name": "coil",
        "targetMSB": {},
        "targetLSB": {},
        "value": {},
        "type": "float"
    },
    "0x263": {
        "targetMSB-name": "",
        "targetLSB-name": "coil",
        "targetMSB": {},
        "targetLSB": {},
        "value": {},
        "type": "float"
    },
    "0x264": {
        "targetMSB-name": "",
        "targetLSB-name": "coil",
        "targetMSB": {},
        "targetLSB": {},
        "value": {},
        "type": "int"
    },
    "0x266": {
        "targetMSB-name": "",
        "targetLSB-name": "",
        "targetMSB": {},
        "targetLSB": {},
        "value": {},
        "type": "float"
    },
    "0x267": {
        "targetMSB-name": "",
        "targetLSB-name": "coil",
        "targetMSB": {},
        "targetLSB": {},
        "value": {},
        "type": "int"
    },
    "0x268": {
        "targetMSB-name": "",
        "targetLSB-name": "coil",
        "targetMSB": {},
        "targetLSB": {},
        "value": {},
        "type": "float"
    },
    "0x300": {
        "targetMSB-name": "program",
        "targetLSB-name": "step",
        "targetMSB": {},
        "targetLSB": {},
        "value": {},
        "type": "int"
    },
    "0x301": {
        "targetMSB-name": "program",
        "targetLSB-name": "step",
        "targetMSB": {},
        "targetLSB": {},
        "value": {},
        "type": "float"
    },
    "0x302": {
        "targetMSB-name": "program",
        "targetLSB-name": "step",
        "targetMSB": {},
        "targetLSB": {},
        "value": {},
        "type": "float"
    },
    "0x303": {
        "targetMSB-name": "program",
        "targetLSB-name": "step",
        "targetMSB": {},
        "targetLSB": {},
        "value": {},
        "type": "float"
    }
}